sigma,rpa,phi_deg,z_center,cost
0.15,3.0,70,-1.7631887211183568,2.983272926911576e-16
