rpa,phi_deg,F_me_un,F_me_bo,F_ad,cost
5.0,10,0.0196212326231675,0.194536872656554,-2.3863925764184475,1.8701806453392362e-19
5.0,20,0.1984925529053129,0.8149744260375965,-9.473060974812194,7.626314505078004e-19
5.0,30,0.7228637619251934,1.965519684351288,-21.044680361923312,1.3051517661884617e-15
5.0,40,1.737612204528482,3.799750786889713,-36.749652938196384,1.9835337800538947e-13
5.0,50,3.317803039248088,6.4932102643765575,-56.11079105900089,3.013832178673102e-19
5.0,60,5.4530877614767705,10.210176124166825,-78.53981633974482,7.690451209271491e-14
